序号,标题,链接,发布日期
1,C++ STL string的Copy-On-Write技术,https://coolshell.cn/articles/12199.html,2004年06月23日
2,C/C++返回内部静态成员的陷阱,https://coolshell.cn/articles/12192.html,2006年11月16日
3,C++ 虚函数表解析,https://coolshell.cn/articles/12165.html,2007年12月18日
4,C++ 对象的内存布局,https://coolshell.cn/articles/12176.html,2008年10月15日
5,50套Web开发图标,https://coolshell.cn/articles/3.html,2009年03月02日
6,Java EE6 初探,https://coolshell.cn/articles/5.html,2009年03月02日
7,你应该知道的20个Ajax技术(01-10),https://coolshell.cn/articles/7.html,2009年03月02日
8,你应该知道的20个Ajax技术(11-20),https://coolshell.cn/articles/9.html,2009年03月02日
9,PHP v5.3的新鲜玩意,https://coolshell.cn/articles/11.html,2009年03月02日
10,Java书籍Top 10,https://coolshell.cn/articles/14.html,2009年03月02日
11,结对编程的利与弊,https://coolshell.cn/articles/16.html,2009年03月02日
12,时间1234567890,https://coolshell.cn/articles/19.html,2009年03月02日
13,101个设计模式,https://coolshell.cn/articles/21.html,2009年03月02日
14,Fork 系统炸弹,https://coolshell.cn/articles/23.html,2009年03月02日
15,如何上网觅无踪,https://coolshell.cn/articles/25.html,2009年03月02日
16,如何自己写一个网络爬虫,https://coolshell.cn/articles/27.html,2009年03月02日
17,读后感：真正编程的力量,https://coolshell.cn/articles/29.html,2009年03月02日
18,读后感：房间里的大象：Google文化成为主导,https://coolshell.cn/articles/33.html,2009年03月02日
19,资源推荐: Google Code University,https://coolshell.cn/articles/35.html,2009年03月02日
20,【引文】如何用Python往Google Spreadsheet上写数据,https://coolshell.cn/articles/37.html,2009年03月02日
21,80个优秀的AJAX方案,https://coolshell.cn/articles/57.html,2009年03月07日
22,Linux 命令速查,https://coolshell.cn/articles/64.html,2009年03月08日
23,几个你可能从来没有用过的HTML标识,https://coolshell.cn/articles/67.html,2009年03月09日
24,怎样做一个 Program Manager,https://coolshell.cn/articles/76.html,2009年03月10日
25,Linux Distribution Timeline,https://coolshell.cn/articles/85.html,2009年03月10日
26,十个开源的Javascript框架,https://coolshell.cn/articles/91.html,2009年03月11日
27,版本控制Subversion相关资源,https://coolshell.cn/articles/93.html,2009年03月11日
28,操作系统图形界面发展史(1981-2009),https://coolshell.cn/articles/105.html,2009年03月12日
29,Vim命令速查卡,https://coolshell.cn/articles/150.html,2009年03月13日
30,10个基于Ajax的PHP Webmail客户端,https://coolshell.cn/articles/154.html,2009年03月13日
31,Hello World 集中营,https://coolshell.cn/articles/169.html,2009年03月14日
32,幽默：程序员的进化,https://coolshell.cn/articles/172.html,2009年03月14日
33,"OMG, Windows 7 来自未来",https://coolshell.cn/articles/179.html,2009年03月14日
34,"OMG, Jave的JMenu居然有433个方法",https://coolshell.cn/articles/182.html,2009年03月14日
35,Linux的15岁生日,https://coolshell.cn/articles/189.html,2009年03月15日
36,Linux 相关的资源站makelinux.net,https://coolshell.cn/articles/194.html,2009年03月16日
37,20 你应该知道的PHP库,https://coolshell.cn/articles/200.html,2009年03月18日
38,IBM收购Sun，这是一种什么样的精神？,https://coolshell.cn/articles/203.html,2009年03月19日
39,一位离开Google的设计师离职感言的读后感,https://coolshell.cn/articles/208.html,2009年03月21日
40,优秀程序员的十个习惯,https://coolshell.cn/articles/222.html,2009年03月22日
41,C++和JAVA传统中积极的一面,https://coolshell.cn/articles/209.html,2009年03月22日
42,非常不错的编程技术教程,https://coolshell.cn/articles/240.html,2009年03月25日
43,全球IP地址数据库,https://coolshell.cn/articles/244.html,2009年03月25日
44,基于JVM的语言正在开始流行,https://coolshell.cn/articles/247.html,2009年03月26日
45,深入浅出单实例Singleton设计模式,https://coolshell.cn/articles/265.html,2009年03月26日
46,雷人的程序注释,https://coolshell.cn/articles/290.html,2009年03月27日
47,OSGi和Java企业级运算的未来方向,https://coolshell.cn/articles/294.html,2009年03月29日
48,十个最好的PDF生成库,https://coolshell.cn/articles/309.html,2009年04月01日
49,Linux的“宕机”图片,https://coolshell.cn/articles/313.html,2009年04月01日
50,2009年脚本语言排名,https://coolshell.cn/articles/325.html,2009年04月01日
51,超过100本的linux免费书籍,https://coolshell.cn/articles/336.html,2009年04月02日
52,惹恼程序员的十件事,https://coolshell.cn/articles/340.html,2009年04月06日
53,程序员的八个级别,https://coolshell.cn/articles/343.html,2009年04月06日
54,20本最好的Linux免费书籍,https://coolshell.cn/articles/355.html,2009年04月06日
55,Linux C 编程一站式学习,https://coolshell.cn/articles/360.html,2009年04月07日
56,35个强大的UI设计教程,https://coolshell.cn/articles/363.html,2009年04月07日
57,RFC1 40岁生日,https://coolshell.cn/articles/373.html,2009年04月08日
58,笔记本电脑的发展史,https://coolshell.cn/articles/378.html,2009年04月08日
59,十大史上最恶心的操作系统,https://coolshell.cn/articles/394.html,2009年04月10日
60,一个排序算法比较的网站,https://coolshell.cn/articles/399.html,2009年04月10日
61,4月14日，微软补丁日,https://coolshell.cn/articles/404.html,2009年04月10日
62,1980年和2009年的1GB电脑内存的比较,https://coolshell.cn/articles/410.html,2009年04月10日
63,PDF电子书搜索引擎,https://coolshell.cn/articles/424.html,2009年04月10日
64,程序员需要具备的基本技能,https://coolshell.cn/articles/428.html,2009年04月11日
65,Python中实现多属性排序,https://coolshell.cn/articles/435.html,2009年04月12日
66,9个强大免费的PHP库,https://coolshell.cn/articles/455.html,2009年04月12日
67,Python脚本如何对文件通配符匹配,https://coolshell.cn/articles/444.html,2009年04月12日
68,Python处理中文的时候的一些小技巧,https://coolshell.cn/articles/461.html,2009年04月12日
69,Ubuntu的并行启动,https://coolshell.cn/articles/501.html,2009年04月13日
70,Windows下和程序员相关小工具,https://coolshell.cn/articles/506.html,2009年04月13日
71,未来五年程序员需要掌握的10项技能,https://coolshell.cn/articles/511.html,2009年04月14日
72,深入浅出CORBA,https://coolshell.cn/articles/514.html,2009年04月14日
73,NUI一个跨平台的C++库,https://coolshell.cn/articles/528.html,2009年04月14日
74,如何在Google App Engine上运行PHP,https://coolshell.cn/articles/531.html,2009年04月14日
75,一个显示排序过程的Python脚本,https://coolshell.cn/articles/536.html,2009年04月15日
76,有效编程的14件事,https://coolshell.cn/articles/546.html,2009年04月15日
77,C语言下的错误处理的问题,https://coolshell.cn/articles/551.html,2009年04月17日
78,VI的一些小技巧,https://coolshell.cn/articles/556.html,2009年04月17日
79,菜鸟学PHP之Smarty入门,https://coolshell.cn/articles/559.html,2009年04月17日
80,30种时尚的CSS网站导航条,https://coolshell.cn/articles/562.html,2009年04月17日
81,Linux设备驱动Hello World程序介绍,https://coolshell.cn/articles/566.html,2009年04月18日
82,使用Google API做统计图,https://coolshell.cn/articles/582.html,2009年04月20日
83,5个不错的Flash的英文教程网,https://coolshell.cn/articles/585.html,2009年04月20日
84,免费电子书：Ruby Complete,https://coolshell.cn/articles/591.html,2009年04月20日
85,Oracle成功收购Sun,https://coolshell.cn/articles/595.html,2009年04月21日
86,Google 三维 JavaScript API 发布,https://coolshell.cn/articles/599.html,2009年04月22日
87,早期XML Schema中的open content模型,https://coolshell.cn/articles/604.html,2009年04月22日
88,Java如何取源文件中文件名和行号,https://coolshell.cn/articles/611.html,2009年04月22日
89,22个不错的CSS技术,https://coolshell.cn/articles/648.html,2009年04月24日
90,MySQL: InnoDB 还是 MyISAM?,https://coolshell.cn/articles/652.html,2009年04月24日
91,Linux 的僵尸(zombie)进程,https://coolshell.cn/articles/656.html,2009年04月25日
92,使用PHP的cURL库,https://coolshell.cn/articles/664.html,2009年04月25日
93,Python调用C语言函数,https://coolshell.cn/articles/671.html,2009年04月26日
94,用Python写NCurses UI,https://coolshell.cn/articles/677.html,2009年04月26日
95,你能做对下面这些JavaScript的题吗？,https://coolshell.cn/articles/688.html,2009年04月26日
96,Guido认为程序员大多数工作不需要递归,https://coolshell.cn/articles/694.html,2009年04月26日
97,25个Linux相关的网站,https://coolshell.cn/articles/701.html,2009年04月28日
98,编程语言流行度排名,https://coolshell.cn/articles/706.html,2009年04月28日
99,Glassfish ESB 的教程,https://coolshell.cn/articles/732.html,2009年04月29日
100,某Python实现的尾部递归,https://coolshell.cn/articles/737.html,2009年04月30日
101,不要拯救那些职场上的“无可救药”,https://coolshell.cn/articles/753.html,2009年05月03日
102,如何检查网页浏览器的兼容性,https://coolshell.cn/articles/757.html,2009年05月04日
103,让Ruby增加30%的性能改进,https://coolshell.cn/articles/766.html,2009年05月05日
104,一个在线的画UML图的网站,https://coolshell.cn/articles/776.html,2009年05月06日
105,如何知道某网站运行在GAE上,https://coolshell.cn/articles/780.html,2009年05月06日
106,十大最失水准的科技预测,https://coolshell.cn/articles/783.html,2009年05月10日
107,用TCC可以干些什么？,https://coolshell.cn/articles/786.html,2009年05月10日
108,十个你可能不曾用过的Linux命令,https://coolshell.cn/articles/790.html,2009年05月10日
109,5个不错的3D素材网站,https://coolshell.cn/articles/796.html,2009年05月11日
110,电子书：编译器设计基础,https://coolshell.cn/articles/799.html,2009年05月11日
111,关于C++构造函数的FAQ,https://coolshell.cn/articles/804.html,2009年05月13日
112,22条经典的编程引言,https://coolshell.cn/articles/808.html,2009年05月15日
113,Linux磁盘使用命令du的改进,https://coolshell.cn/articles/822.html,2009年05月15日
114,语言的歧义,https://coolshell.cn/articles/830.html,2009年05月17日
115,Web设计的速查卡,https://coolshell.cn/articles/870.html,2009年05月19日
116,谁说C语言很简单？,https://coolshell.cn/articles/873.html,2009年05月19日
117,一个C的序列化库tpl,https://coolshell.cn/articles/878.html,2009年05月21日
118,几个有意思的漫画,https://coolshell.cn/articles/880.html,2009年05月21日
119,20非常有用的Java程序片段,https://coolshell.cn/articles/889.html,2009年05月23日
120,将vim变得简单:如何在vim中得到你最喜爱的IDE特性,https://coolshell.cn/articles/894.html,2009年05月23日
121,7个免费强大的Ajax文件管理器,https://coolshell.cn/articles/909.html,2009年05月24日
122,6个变态的C语言Hello World程序,https://coolshell.cn/articles/914.html,2009年05月25日
123,20个优秀的Javascript导航技术,https://coolshell.cn/articles/918.html,2009年05月26日
124,如何比较两个数据表,https://coolshell.cn/articles/925.html,2009年05月27日
125,如何加密/混乱C源代码,https://coolshell.cn/articles/933.html,2009年05月30日
126,最完美的Linux桌面软件,https://coolshell.cn/articles/936.html,2009年05月31日
127,C语言的谜题,https://coolshell.cn/articles/945.html,2009年05月31日
128,《Vim Recipes》免费的Vim Cookbook,https://coolshell.cn/articles/956.html,2009年06月01日
129,18个Web开发的IDE,https://coolshell.cn/articles/968.html,2009年06月04日
130,【原创】SQL栏目树的代码,https://coolshell.cn/articles/962.html,2009年06月05日
131,质量管理经中的八个法则,https://coolshell.cn/articles/971.html,2009年06月06日
132,编程语言的评测,https://coolshell.cn/articles/973.html,2009年06月06日
133,编程中的命名设计那点事,https://coolshell.cn/articles/990.html,2009年06月07日
134,优质代码的十诫,https://coolshell.cn/articles/1007.html,2009年06月07日
135,Unix 40年：昨天，今天和明天,https://coolshell.cn/articles/1023.html,2009年06月11日
136,Unix 40年：Unix年鉴,https://coolshell.cn/articles/1032.html,2009年06月12日
137,16个简单实用的.htaccess小贴示,https://coolshell.cn/articles/1035.html,2009年06月14日
138,编程命名中的7+1个提示,https://coolshell.cn/articles/1038.html,2009年06月15日
139,高级Unix命令,https://coolshell.cn/articles/1044.html,2009年06月16日
140,如何在Java中避免equals方法的隐藏陷阱,https://coolshell.cn/articles/1051.html,2009年06月18日
141,Linux/Unix 新手和专家教程,https://coolshell.cn/articles/1042.html,2009年06月21日
142,十个让你变成糟糕的程序员的行为,https://coolshell.cn/articles/1081.html,2009年06月24日
143,22个开源的PHP框架,https://coolshell.cn/articles/1086.html,2009年06月25日
144,Top 200的全球开发者BLOG,https://coolshell.cn/articles/1092.html,2009年06月30日
145,Ksplice Uptrack — Ubuntu更新不用重启,https://coolshell.cn/articles/1097.html,2009年06月30日
146,漫画：程序员的一生,https://coolshell.cn/articles/1103.html,2009年06月30日
147,Java构造时成员初始化的陷阱,https://coolshell.cn/articles/1106.html,2009年07月03日
148,与Martin Fowler关于敏捷方法的问答,https://coolshell.cn/articles/1113.html,2009年07月05日
149,整洁代码的4个提示,https://coolshell.cn/articles/1095.html,2009年07月05日
150,BT雷人的程序语言,https://coolshell.cn/articles/1142.html,2009年07月12日
151,关于 Chrome OS 的一些推论,https://coolshell.cn/articles/1152.html,2009年07月13日
152,Python 自然语言处理,https://coolshell.cn/articles/1157.html,2009年07月15日
153,（免费在线）新书推荐：搜索的用户界面,https://coolshell.cn/articles/1163.html,2009年07月16日
154,程序员犯的非技术错误(Top 5),https://coolshell.cn/articles/1145.html,2009年07月21日
155,程序员惯用的解释(Top 25),https://coolshell.cn/articles/1174.html,2009年07月24日
156,Internet 技术演变图,https://coolshell.cn/articles/1178.html,2009年07月24日
157,15个Web在线WYSIWYG编辑器,https://coolshell.cn/articles/1183.html,2009年07月24日
158,如何检测浏览器是否支持CSS3,https://coolshell.cn/articles/1186.html,2009年07月24日
159,一些单元测试的Guideline,https://coolshell.cn/articles/1192.html,2009年07月27日
160,JRuby核心成员投奔Engine Yard,https://coolshell.cn/articles/1194.html,2009年07月28日
161,GPLv3的在开源社区中的占有量,https://coolshell.cn/articles/1197.html,2009年07月28日
162,Python也Spring了,https://coolshell.cn/articles/1204.html,2009年07月30日
163,面试题：赛马问题,https://coolshell.cn/articles/1202.html,2009年07月30日
164,编程引言补充,https://coolshell.cn/articles/1212.html,2009年07月31日
165,简单实用的Code Review工具,https://coolshell.cn/articles/1218.html,2009年08月04日
166,Javascripts加密库,https://coolshell.cn/articles/1231.html,2009年08月10日
167,几个有趣的漫画,https://coolshell.cn/articles/1234.html,2009年08月10日
168,"23,148,855,308,184,500",https://coolshell.cn/articles/1242.html,2009年08月11日
169,IE的CSS相关的BUG,https://coolshell.cn/articles/1245.html,2009年08月12日
170,G1新型垃圾回收器一瞥,https://coolshell.cn/articles/1252.html,2009年08月13日
171,你用Linux命令行吗？,https://coolshell.cn/articles/1256.html,2009年08月14日
172,恢复Ext3下被删除的文件,https://coolshell.cn/articles/1265.html,2009年08月14日
173,操作系统航空公司,https://coolshell.cn/articles/1272.html,2009年08月16日
174,Linux基金会的广告,https://coolshell.cn/articles/1283.html,2009年08月16日
175,Linus Torvalds 语录 Top 10,https://coolshell.cn/articles/1278.html,2009年08月16日
176,科技公司十大最愚蠢的错误,https://coolshell.cn/articles/1295.html,2009年08月19日
177,Code Review中的几个提示,https://coolshell.cn/articles/1302.html,2009年08月20日
178,在线代码编译服务Codepad.org,https://coolshell.cn/articles/1310.html,2009年08月23日
179,Erlang和Python互通,https://coolshell.cn/articles/1313.html,2009年08月24日
180,Unicode字符预览表,https://coolshell.cn/articles/1331.html,2009年08月24日
181,Unix Pipes 管道原稿,https://coolshell.cn/articles/1351.html,2009年08月25日
182,谁写了Linux,https://coolshell.cn/articles/1360.html,2009年08月25日
183,初学C#编程的注意事项,https://coolshell.cn/articles/1375.html,2009年08月31日
184,如何调试bash脚本,https://coolshell.cn/articles/1379.html,2009年08月31日
185,十个Web开发文章和教程,https://coolshell.cn/articles/1387.html,2009年08月31日
186,编程真难啊,https://coolshell.cn/articles/1391.html,2009年09月03日
187,8个实用而有趣Bash命令提示行,https://coolshell.cn/articles/1399.html,2009年09月07日
188,Oracle的战书！,https://coolshell.cn/articles/1426.html,2009年09月11日
189,编译vim解决中文支持,https://coolshell.cn/articles/1432.html,2009年09月19日
190,Alice梦游UNIX仙境,https://coolshell.cn/articles/1439.html,2009年09月19日
191,WebTTY！太酷了！,https://coolshell.cn/articles/1441.html,2009年09月19日
192,C++的std::string的“读时也拷贝”技术！,https://coolshell.cn/articles/1443.html,2009年09月19日
193,微软在从Google赢取搜索引擎市场份额,https://coolshell.cn/articles/1457.html,2009年09月22日
194,CentOS上php的问题及Selinux安全设置,https://coolshell.cn/articles/1462.html,2009年09月26日
195,非常简单的Python HTTP服务,https://coolshell.cn/articles/1480.html,2009年09月27日
196,TCP网络关闭的状态变换时序图,https://coolshell.cn/articles/1484.html,2009年09月27日
197,算法和数据结构词典,https://coolshell.cn/articles/1499.html,2009年09月28日
198,高科技：GDB回溯调试,https://coolshell.cn/articles/1502.html,2009年09月28日
199,mochiweb参数化模型Req相关功能,https://coolshell.cn/articles/1516.html,2009年09月30日
200,GDB 7.0 发布,https://coolshell.cn/articles/1525.html,2009年10月09日
201,图片搜索引擎优化Checklist,https://coolshell.cn/articles/1528.html,2009年10月11日
202,到处都是Unix的胎记,https://coolshell.cn/articles/1532.html,2009年10月11日
203,用脚本实现哄小孩睡觉,https://coolshell.cn/articles/1539.html,2009年10月12日
204,使用Flex Bison 和LLVM编写自己的编译器,https://coolshell.cn/articles/1547.html,2009年10月12日
205,Google Maps API用法教程,https://coolshell.cn/articles/1561.html,2009年10月13日
206,程序员小抄大全,https://coolshell.cn/articles/1566.html,2009年10月13日
207,bash 函数级重定向,https://coolshell.cn/articles/1574.html,2009年10月14日
208,一张关于操作系统的图,https://coolshell.cn/articles/1579.html,2009年10月15日
209,Bug 和 Icon 搜索引擎,https://coolshell.cn/articles/1582.html,2009年10月15日
210,[推荐]基于Mac的Port工具Fink,https://coolshell.cn/articles/1592.html,2009年10月19日
211,Javascript的两本书,https://coolshell.cn/articles/1608.html,2009年10月22日
212,Ajax开发利器UIzard,https://coolshell.cn/articles/1611.html,2009年10月22日
213,Windows 7 的新粉丝 Linus Torvalds,https://coolshell.cn/articles/1619.html,2009年10月23日
214,ldd 的一个安全问题,https://coolshell.cn/articles/1626.html,2009年10月28日
215,文件备份的几个简单命令,https://coolshell.cn/articles/1640.html,2009年10月30日
216,装完Ubuntu 9.10后要干的事,https://coolshell.cn/articles/1644.html,2009年10月30日
217,"Richard Feynman, 挑战者号, 软件工程",https://coolshell.cn/articles/1654.html,2009年11月04日
218,VIM有趣的命令,https://coolshell.cn/articles/1651.html,2009年11月04日
219,13个不错的Javascript和CSS的菜单,https://coolshell.cn/articles/1660.html,2009年11月04日
220,Vim的分屏功能,https://coolshell.cn/articles/1679.html,2009年11月07日
221,把ASCII图转成图片,https://coolshell.cn/articles/1684.html,2009年11月08日
222,给我一个序列号,https://coolshell.cn/articles/1693.html,2009年11月09日
223,别的程序员是怎么读你的简历的,https://coolshell.cn/articles/1695.html,2009年11月09日
224,橡皮鸭程序调试法,https://coolshell.cn/articles/1719.html,2009年11月10日
225,Firefox插件WebMail Notifier,https://coolshell.cn/articles/1714.html,2009年11月11日
226,恐怖的C++语言,https://coolshell.cn/articles/1724.html,2009年11月11日
227,Go 语言：Google 的新编程语言,https://coolshell.cn/articles/1751.html,2009年11月11日
228,Go语言源码的一个改动,https://coolshell.cn/articles/1761.html,2009年11月12日
229,Go语言更名Issue 9？,https://coolshell.cn/articles/1781.html,2009年11月13日
230,程序语言性能比拼,https://coolshell.cn/articles/1788.html,2009年11月16日
231,超强：Unix道德经(英文版),https://coolshell.cn/articles/1794.html,2009年11月16日
232,在上班的时候浏览不相干网页,https://coolshell.cn/articles/1808.html,2009年11月16日
233,9个最常见IE的Bug及其fix,https://coolshell.cn/articles/1817.html,2009年11月17日
234,C语言和sh脚本的杂交代码,https://coolshell.cn/articles/1824.html,2009年11月19日
235,几个有趣的404错误页面,https://coolshell.cn/articles/1826.html,2009年11月19日
236,正则表达式生成器,https://coolshell.cn/articles/1830.html,2009年11月20日
237,IE6/IE7 0day 漏洞,https://coolshell.cn/articles/1835.html,2009年11月23日
238,Eclipse 和 Vim,https://coolshell.cn/articles/1837.html,2009年11月23日
239,编程语言汽车,https://coolshell.cn/articles/1839.html,2009年11月24日
240,MySQL性能优化的最佳20+条经验,https://coolshell.cn/articles/1846.html,2009年11月27日
241,C 语言整型谜题,https://coolshell.cn/articles/1857.html,2009年11月29日
242,编程语言时间地理图,https://coolshell.cn/articles/1863.html,2009年11月30日
243,Javascript程序员嘴最脏??,https://coolshell.cn/articles/1850.html,2009年11月30日
244,Coderun.com 在线开发IDE,https://coolshell.cn/articles/1883.html,2009年12月01日
245,SQL的Where语句,https://coolshell.cn/articles/1889.html,2009年12月01日
246,我是怎么招聘程序员的,https://coolshell.cn/articles/1870.html,2009年12月02日
247,Visual Studio的Vim插件,https://coolshell.cn/articles/1901.html,2009年12月04日
248,程序员的相关笑话（一）,https://coolshell.cn/articles/1903.html,2009年12月07日
249,UI的恶梦,https://coolshell.cn/articles/1907.html,2009年12月09日
250,Javascript 曲线表作图库,https://coolshell.cn/articles/1924.html,2009年12月11日
251,如何使用Python操作摄像头,https://coolshell.cn/articles/1928.html,2009年12月11日
252,哥是玩程序的,https://coolshell.cn/articles/1932.html,2009年12月14日
253,程序员的相关笑话（二）,https://coolshell.cn/articles/1941.html,2009年12月14日
254,Web中的省略号,https://coolshell.cn/articles/1949.html,2009年12月15日
255,Java读写Excel,https://coolshell.cn/articles/1954.html,2009年12月15日
256,Web程序的最佳测试数据,https://coolshell.cn/articles/1957.html,2009年12月15日
257,纯CSS做的3D效果,https://coolshell.cn/articles/1962.html,2009年12月16日
258,Java异常另类手册,https://coolshell.cn/articles/1970.html,2009年12月17日
259,一个“精湛”的JS程序,https://coolshell.cn/articles/1973.html,2009年12月18日
260,【问题】传球问题,https://coolshell.cn/articles/1976.html,2009年12月20日
261,C语言的演变史,https://coolshell.cn/articles/1984.html,2009年12月21日
262,程序员眼中的编程语言,https://coolshell.cn/articles/1992.html,2009年12月24日
263,粉丝眼中的操作系统,https://coolshell.cn/articles/1998.html,2009年12月24日
264,推荐几个镜像站点,https://coolshell.cn/articles/2011.html,2009年12月27日
265,google的免费dns服务器,https://coolshell.cn/articles/2015.html,2009年12月28日
266,程序命名的一些提示,https://coolshell.cn/articles/1990.html,2010年01月06日
267,2010 = 1+2-(3-4-5)*6*7*8-9,https://coolshell.cn/articles/2036.html,2010年01月07日
268,CPU的性价比,https://coolshell.cn/articles/2039.html,2010年01月08日
269,PI小数点位数的新纪录,https://coolshell.cn/articles/2043.html,2010年01月08日
270,“第六感装置”的惊人潜力,https://coolshell.cn/articles/2047.html,2010年01月09日
271,最为奇怪的程序语言的特性,https://coolshell.cn/articles/2053.html,2010年01月21日
272,各种流行的编程风格,https://coolshell.cn/articles/2058.html,2010年01月22日
273,一个Windows 3.1的Web网站,https://coolshell.cn/articles/2065.html,2010年01月25日
274,一个浏览器市场占有量的图,https://coolshell.cn/articles/2069.html,2010年01月25日
275,如何防范密码被破解,https://coolshell.cn/articles/2078.html,2010年02月01日
276,Python程序员的进化,https://coolshell.cn/articles/2082.html,2010年02月01日
277,iPad进化图,https://coolshell.cn/articles/2086.html,2010年02月06日
278,分享：我是如何使用Google Reader的,https://coolshell.cn/articles/2091.html,2010年02月07日
279,如何修改微软人体工学键盘的Zoom键,https://coolshell.cn/articles/2097.html,2010年02月07日
280,分享：我的Reader订阅,https://coolshell.cn/articles/2105.html,2010年02月08日
281,Python处理encoding的小技巧,https://coolshell.cn/articles/2109.html,2010年02月08日
282,erlang打包独立环境,https://coolshell.cn/articles/2111.html,2010年03月04日
283,Titanium – 桌面和移动应用开发平台,https://coolshell.cn/articles/2117.html,2010年03月10日
284,Martin Fowler 在 ThoughtWorks 内部关于版本控制工具的调查,https://coolshell.cn/articles/2135.html,2010年03月13日
285,中国仍然是一个很穷的国家,https://coolshell.cn/articles/2179.html,2010年03月14日
286,BT工作原理演示,https://coolshell.cn/articles/2184.html,2010年03月16日
287,别只谈系统备份，谈谈怎样恢复系统吧！,https://coolshell.cn/articles/2155.html,2010年03月25日
288,DEMO Spring 2010 获奖产品,https://coolshell.cn/articles/2191.html,2010年03月28日
289,JAVA的字符串拼接与性能,https://coolshell.cn/articles/2235.html,2010年03月28日
290,“21天教你学会C++”,https://coolshell.cn/articles/2250.html,2010年03月30日
291,Emacs配色在线生成器,https://coolshell.cn/articles/2271.html,2010年03月31日
292,又一个Javascript试验田,https://coolshell.cn/articles/2276.html,2010年03月31日
293,C++ 程序员自信心曲线图,https://coolshell.cn/articles/2287.html,2010年04月01日
294,Google居然在阻止人们自杀？,https://coolshell.cn/articles/2296.html,2010年04月01日
295,微软的安全补丁分析,https://coolshell.cn/articles/2305.html,2010年04月06日
296,史上最糟糕的网站,https://coolshell.cn/articles/2313.html,2010年04月07日
297,Unix传奇(下篇),https://coolshell.cn/articles/2324.html,2010年04月09日
298,Unix传奇(上篇),https://coolshell.cn/articles/2322.html,2010年04月09日
299,telnet的一个Bug,https://coolshell.cn/articles/2352.html,2010年04月14日
300,一个jQuery的插件,https://coolshell.cn/articles/2357.html,2010年04月14日
301,MSDN中的两个命名,https://coolshell.cn/articles/2363.html,2010年04月19日
302,两个C++的资源,https://coolshell.cn/articles/2365.html,2010年04月19日
303,谷歌Chrome取消”http://”,https://coolshell.cn/articles/2367.html,2010年04月22日
304,McAfee误杀svchost.exe,https://coolshell.cn/articles/2376.html,2010年04月23日
305,九个PHP很有用的功能,https://coolshell.cn/articles/2394.html,2010年05月06日
306,新手该学哪门编程语言,https://coolshell.cn/articles/2402.html,2010年05月10日
307,写HTML和CSS的新方法,https://coolshell.cn/articles/2406.html,2010年05月11日
308,HTML 安全列表,https://coolshell.cn/articles/2416.html,2010年05月12日
309,老手是这样教新手编程的,https://coolshell.cn/articles/2420.html,2010年05月13日
310,十条不错的编程观点,https://coolshell.cn/articles/2424.html,2010年05月14日
311,如何管理并设计你的口令,https://coolshell.cn/articles/2428.html,2010年05月18日
312,碰触，合作和团队绩效,https://coolshell.cn/articles/2440.html,2010年05月19日
313,黑客的价值观,https://coolshell.cn/articles/2439.html,2010年05月19日
314,Twitter的禁用口令,https://coolshell.cn/articles/2451.html,2010年05月20日
315,Google吃豆游戏Logo的源码,https://coolshell.cn/articles/2466.html,2010年05月22日
316,（麻省理工免费课程）C语言内存管理和C++面向对象编程,https://coolshell.cn/articles/2474.html,2010年05月23日
317,说服他人的5种技巧 – Guy Kawasaki,https://coolshell.cn/articles/2460.html,2010年05月23日
318,四个流行的Java连接池,https://coolshell.cn/articles/2483.html,2010年06月02日
319,WTF Javascript,https://coolshell.cn/articles/2492.html,2010年06月02日
320,把Flash转成Javascript/HTML5,https://coolshell.cn/articles/2497.html,2010年06月03日
321,信XML，得永生！,https://coolshell.cn/articles/2504.html,2010年06月09日
322,2000年的iMac和2010年的iPhone,https://coolshell.cn/articles/2507.html,2010年06月22日
323,伦敦地铁实时图,https://coolshell.cn/articles/2520.html,2010年06月23日
324,面试题：布尔变量,https://coolshell.cn/articles/2514.html,2010年06月23日
325,几个Web的资源,https://coolshell.cn/articles/2524.html,2010年06月24日
326,StackOverflow的404错误页,https://coolshell.cn/articles/2529.html,2010年06月25日
327,参透软件开发的本质 – Uncle Bob Martin 推荐的经典书籍,https://coolshell.cn/articles/2539.html,2010年07月05日
328,Eclipse 3.6 （Helios）新特性,https://coolshell.cn/articles/2554.html,2010年07月07日
329,如何在低速率网络中测试 Web 应用,https://coolshell.cn/articles/2574.html,2010年07月09日
330,Web版的VNC,https://coolshell.cn/articles/2593.html,2010年07月11日
331,一些重要的算法,https://coolshell.cn/articles/2583.html,2010年07月12日
332,十个免费的Web压力测试工具,https://coolshell.cn/articles/2589.html,2010年07月13日
333,Google App Inventor,https://coolshell.cn/articles/2608.html,2010年07月13日
334,五个编程语言设计的失误,https://coolshell.cn/articles/2598.html,2010年07月14日
335,五个方法成为更好的程序员,https://coolshell.cn/articles/2606.html,2010年07月15日
336,为什么敏捷方法能在软件开发中行之有效？,https://coolshell.cn/articles/2622.html,2010年07月18日
337,五大基于JVM的脚本语言,https://coolshell.cn/articles/2631.html,2010年07月19日
338,浏览器正则表达式检查插件,https://coolshell.cn/articles/2667.html,2010年07月20日
339,.NET代码转换器,https://coolshell.cn/articles/2672.html,2010年07月20日
340,在Javascript里写Python,https://coolshell.cn/articles/2688.html,2010年07月21日
341,Kent Beck 谈单元测试和持续部署,https://coolshell.cn/articles/2681.html,2010年07月22日
342,检查素数的正则表达式,https://coolshell.cn/articles/2704.html,2010年07月23日
343,苹果开发工具Xcode 4 第二预览版,https://coolshell.cn/articles/2719.html,2010年07月23日
344,计算机编程简史图,https://coolshell.cn/articles/2724.html,2010年07月26日
345,HTML5 和 Flash 之争,https://coolshell.cn/articles/2735.html,2010年07月27日
346,五种应该避免的代码注释,https://coolshell.cn/articles/2746.html,2010年07月28日
347,最佳编程语录,https://coolshell.cn/articles/2753.html,2010年08月02日
348,免费电子书列表,https://coolshell.cn/articles/2775.html,2010年08月04日
349,微软最囧的UI,https://coolshell.cn/articles/2792.html,2010年08月09日
350,JS1K 演示,https://coolshell.cn/articles/2785.html,2010年08月09日
351,C技巧：结构体参数转成不定参数,https://coolshell.cn/articles/2801.html,2010年08月10日
352,程序员版的凡客,https://coolshell.cn/articles/2806.html,2010年08月12日
353,两个教程：Socket和HTML5,https://coolshell.cn/articles/2829.html,2010年08月23日
354,史上最烂的超级玛丽,https://coolshell.cn/articles/2834.html,2010年08月23日
355,使用grep恢复被删文件内容,https://coolshell.cn/articles/2822.html,2010年08月24日
356,实用Android开发工具和资源精选,https://coolshell.cn/articles/2853.html,2010年08月26日
357,一些鲜为人知的编程事实,https://coolshell.cn/articles/2909.html,2010年09月03日
358,消费者的消费观,https://coolshell.cn/articles/2913.html,2010年09月03日
359,Did You Know?,https://coolshell.cn/articles/2917.html,2010年09月06日
360,你准备使用 HTML 5 吗？,https://coolshell.cn/articles/2926.html,2010年09月09日
361,Mozilla的一个BUG,https://coolshell.cn/articles/2936.html,2010年09月14日
362,Waterfall 软件工程,https://coolshell.cn/articles/2941.html,2010年09月15日
363,25个jQuery的编程小抄,https://coolshell.cn/articles/2964.html,2010年09月19日
364,代码优化概要,https://coolshell.cn/articles/2967.html,2010年09月20日
365,用脚本实现哄宝宝睡觉(Demo),https://coolshell.cn/articles/2987.html,2010年09月20日
366,编程时间分配图,https://coolshell.cn/articles/2990.html,2010年09月21日
367,HTML5 小游戏展示,https://coolshell.cn/articles/2998.html,2010年09月21日
368,代码重构的一个示例,https://coolshell.cn/articles/3005.html,2010年09月25日
369,Windows编程革命简史,https://coolshell.cn/articles/3008.html,2010年09月27日
370,一些非常有意思的杂项资源,https://coolshell.cn/articles/3013.html,2010年09月28日
371,面向对象是个骗局？！,https://coolshell.cn/articles/3036.html,2010年09月29日
372,40个很不错的CSS技术,https://coolshell.cn/articles/3063.html,2010年10月08日
373,Kick Ass小游戏,https://coolshell.cn/articles/3070.html,2010年10月08日
374,三个教程,https://coolshell.cn/articles/3083.html,2010年10月09日
375,Google未公开API：转MAC地址为经纬度,https://coolshell.cn/articles/3089.html,2010年10月09日
376,Windows的达尔文进化图,https://coolshell.cn/articles/3097.html,2010年10月11日
377,编程语言进化,https://coolshell.cn/articles/3100.html,2010年10月11日
378,Javascript向量图Lib–Raphaël,https://coolshell.cn/articles/3107.html,2010年10月12日
379,主流文本编辑器学习曲线,https://coolshell.cn/articles/3125.html,2010年10月12日
380,Go语言的”Issue 9″ Closed!,https://coolshell.cn/articles/3156.html,2010年10月12日
381,chmod -x chmod的N种解法,https://coolshell.cn/articles/3136.html,2010年10月13日
382,用户界面和用户体验的差别,https://coolshell.cn/articles/3142.html,2010年10月14日
383,AES加密算法动画演示,https://coolshell.cn/articles/3161.html,2010年10月15日
384,Eclipse和Vim快捷键桌面,https://coolshell.cn/articles/3181.html,2010年10月18日
385,一些非常不错的资料,https://coolshell.cn/articles/3192.html,2010年10月18日
386,30+ Web下拉菜单,https://coolshell.cn/articles/3207.html,2010年10月20日
387,开发时间估计,https://coolshell.cn/articles/3218.html,2010年10月25日
388,在线作图编辑服务,https://coolshell.cn/articles/3244.html,2010年10月25日
389,你和你的工作,https://coolshell.cn/articles/3231.html,2010年10月26日
390,给老婆普及计算机知识,https://coolshell.cn/articles/3236.html,2010年10月27日
391,一个人脸识别的Javascript,https://coolshell.cn/articles/3254.html,2010年11月01日
392,C++的字符串格式化库,https://coolshell.cn/articles/3258.html,2010年11月02日
393,游戏Flash vs HTML5,https://coolshell.cn/articles/3267.html,2010年11月05日
394,两本电子书,https://coolshell.cn/articles/3270.html,2010年11月08日
395,超强的验证码,https://coolshell.cn/articles/3277.html,2010年11月08日
396,架构师给程序员的一封信,https://coolshell.cn/articles/3281.html,2010年11月16日
397,版本管理器的发展史,https://coolshell.cn/articles/3288.html,2010年11月17日
398,Jeff Dean的Stanford演讲,https://coolshell.cn/articles/3301.html,2010年11月22日
399,几篇技术文章,https://coolshell.cn/articles/3311.html,2010年11月25日
400,几个在线颜色选择器,https://coolshell.cn/articles/3314.html,2010年11月25日
401,JDK里的设计模式,https://coolshell.cn/articles/3320.html,2010年11月26日
402,用Google Translate玩转beat box,https://coolshell.cn/articles/3331.html,2010年12月01日
403,Groovy是怎么实现createArray的,https://coolshell.cn/articles/3335.html,2010年12月01日
404,140个Google的面试题,https://coolshell.cn/articles/3345.html,2010年12月02日
405,五个免费开源的数据挖掘软件,https://coolshell.cn/articles/3356.html,2010年12月13日
406,编程语言流行度,https://coolshell.cn/articles/3385.html,2010年12月13日
407,Facebook全球关系网,https://coolshell.cn/articles/3396.html,2010年12月15日
408,偷了世界的程序员,https://coolshell.cn/articles/3363.html,2010年12月16日
409,流体力学的演示,https://coolshell.cn/articles/3421.html,2010年12月21日
410,程序员的圣诞节,https://coolshell.cn/articles/3429.html,2010年12月27日
411,6个有用的MySQL语句,https://coolshell.cn/articles/3433.html,2010年12月31日
412,一些杂项资源,https://coolshell.cn/articles/3437.html,2010年12月31日
413,输出从1到1000的数,https://coolshell.cn/articles/3445.html,2011年01月07日
414,Sony PS3 Root Key 被破解,https://coolshell.cn/articles/3453.html,2011年01月10日
415,图解SQL的Join,https://coolshell.cn/articles/3463.html,2011年01月11日
416,Linux的cycle日历（你懂的）,https://coolshell.cn/articles/3489.html,2011年01月17日
417,一些有意思的网站和贴子,https://coolshell.cn/articles/3480.html,2011年01月18日
418,信XML，得自信,https://coolshell.cn/articles/3498.html,2011年01月19日
419,Google 需要性爱,https://coolshell.cn/articles/3510.html,2011年01月19日
420,JS游戏引擎列表,https://coolshell.cn/articles/3516.html,2011年01月20日
421,64位平台C/C++开发注意事项,https://coolshell.cn/articles/3512.html,2011年01月21日
422,HTML5 logo 发布,https://coolshell.cn/articles/3561.html,2011年01月23日
423,Android将允许纯C/C++开发应用,https://coolshell.cn/articles/3549.html,2011年01月24日
424,食客还是大厨,https://coolshell.cn/articles/3589.html,2011年01月25日
425,一段Javascript的代码,https://coolshell.cn/articles/3540.html,2011年01月26日
426,C语言函数实现的另类方法,https://coolshell.cn/articles/3572.html,2011年01月26日
427,SOAP的S是Simple,https://coolshell.cn/articles/3585.html,2011年01月27日
428,如何“加密”你的email地址,https://coolshell.cn/articles/3595.html,2011年01月27日
429,为什么中国的网页设计那么烂？,https://coolshell.cn/articles/3605.html,2011年01月28日
430,那些炒作过度的技术和概念,https://coolshell.cn/articles/3609.html,2011年01月28日
431,Error handling in Egypt,https://coolshell.cn/articles/3630.html,2011年02月09日
432,GDB中应该知道的几个调试方法,https://coolshell.cn/articles/3643.html,2011年02月10日
433,TDD并不是看上去的那么美,https://coolshell.cn/articles/3649.html,2011年02月12日
434,为啥搞电脑的会有这么多空闲时间？,https://coolshell.cn/articles/3672.html,2011年02月12日
435,Web开发人员速查卡,https://coolshell.cn/articles/3684.html,2011年02月16日
436,欢迎攻击酷壳,https://coolshell.cn/articles/3686.html,2011年02月17日
437,"预发布环境,Tag发布机制和可重复的部署过程",https://coolshell.cn/articles/3709.html,2011年02月20日
438,提高编程技能最有效的方法,https://coolshell.cn/articles/3698.html,2011年02月21日
439,你会问问题吗？,https://coolshell.cn/articles/3713.html,2011年02月22日
440,WordPress是怎么赢的？,https://coolshell.cn/articles/3716.html,2011年02月23日
441,Stack Exchange 的架构,https://coolshell.cn/articles/3721.html,2011年02月23日
442,[转]TDD到底美还是不美？,https://coolshell.cn/articles/3766.html,2011年02月24日
443,再谈敏捷和ThoughtWorks中国咨询师,https://coolshell.cn/articles/3745.html,2011年02月24日
444,敏捷水管工,https://coolshell.cn/articles/3778.html,2011年02月25日
445,（麻省理工免费课程）计算机科学和编程导论,https://coolshell.cn/articles/3723.html,2011年02月28日
446,打印质数的各种算法,https://coolshell.cn/articles/3738.html,2011年02月28日
447,如何调试makefile变量,https://coolshell.cn/articles/3790.html,2011年03月01日
448,破解你的口令,https://coolshell.cn/articles/3801.html,2011年03月02日
449,中国的C2C模式,https://coolshell.cn/articles/3820.html,2011年03月02日
450,微软用新浪来当反面教材,https://coolshell.cn/articles/3872.html,2011年03月03日
451,另类UX让你输入强口令,https://coolshell.cn/articles/3877.html,2011年03月03日
452,一些有意思的贴子和工具,https://coolshell.cn/articles/3903.html,2011年03月04日
453,Google图片搜索下的的C String,https://coolshell.cn/articles/3806.html,2011年03月04日
454,中国仍是IE6的重灾区,https://coolshell.cn/articles/3921.html,2011年03月10日
455,计算机专业学生的大学生活,https://coolshell.cn/articles/3928.html,2011年03月17日
456,可视化的排序过程,https://coolshell.cn/articles/3933.html,2011年03月18日
457,“火柴棍式”程序员面试题,https://coolshell.cn/articles/3961.html,2011年03月21日
458,程序员那些悲催的事儿,https://coolshell.cn/articles/3980.html,2011年03月22日
459,Fix Bug的五个阶段,https://coolshell.cn/articles/4045.html,2011年03月24日
460,纯文本配置还是注册表,https://coolshell.cn/articles/4077.html,2011年03月28日
461,如何学好C语言,https://coolshell.cn/articles/4102.html,2011年03月29日
462,如何学好C++语言,https://coolshell.cn/articles/4119.html,2011年03月30日
463,WSDL 1.1 中文规范,https://coolshell.cn/articles/4131.html,2011年04月01日
464,又一个有趣的面试题,https://coolshell.cn/articles/4162.html,2011年04月02日
465,我有一个Hello World的C++程序编译不过,https://coolshell.cn/articles/4170.html,2011年04月02日
466,一些有意思的文章和资源,https://coolshell.cn/articles/4220.html,2011年04月06日
467,JavaMail使用,https://coolshell.cn/articles/4261.html,2011年04月06日
468,程序员的谎谬之言还是至理名言？,https://coolshell.cn/articles/4235.html,2011年04月07日
469,Eclipse开发Android应用程序入门,https://coolshell.cn/articles/4270.html,2011年04月07日
470,Eclipse开发Android应用程序入门:重装上阵,https://coolshell.cn/articles/4334.html,2011年04月08日
471,面试题：火车运煤问题,https://coolshell.cn/articles/4429.html,2011年04月11日
472,BT雷人的程序语言（大全）,https://coolshell.cn/articles/4458.html,2011年04月13日
473,再谈“我是怎么招聘程序员的”（下）,https://coolshell.cn/articles/4490.html,2011年04月20日
474,再谈“我是怎么招聘程序员的”（上）,https://coolshell.cn/articles/4506.html,2011年04月20日
475,一些软件设计的原则,https://coolshell.cn/articles/4535.html,2011年04月25日
476,Facebook 的系统架构,https://coolshell.cn/articles/4549.html,2011年04月25日
477,对程序员职业的一些建议,https://coolshell.cn/articles/4561.html,2011年04月26日
478,Linux 2.6.39-rc3的一个插曲,https://coolshell.cn/articles/4576.html,2011年04月27日
479,关于Amazon云宕机的网贴收集,https://coolshell.cn/articles/4601.html,2011年04月27日
480,Amazon的书为什么卖到了$2000万,https://coolshell.cn/articles/4605.html,2011年04月28日
481,读书笔记：对线程模型的批评,https://coolshell.cn/articles/4626.html,2011年05月03日
482,狗日的开源软件许可证,https://coolshell.cn/articles/4657.html,2011年05月04日
483,可视化的数据结构和算法,https://coolshell.cn/articles/4671.html,2011年05月04日
484,Python 和 PyGame 的一些示例,https://coolshell.cn/articles/4710.html,2011年05月18日
485,在Web上运行Linux,https://coolshell.cn/articles/4722.html,2011年05月19日
486,如何写出无法维护的代码,https://coolshell.cn/articles/4758.html,2011年06月03日
487,HTTP幂等性概念和应用,https://coolshell.cn/articles/4787.html,2011年06月07日
488,开源中最好的Web开发的资源,https://coolshell.cn/articles/4795.html,2011年06月08日
489,软件真的好难做啊,https://coolshell.cn/articles/4811.html,2011年06月10日
490,GNU/Linux下有多少是GNU的？,https://coolshell.cn/articles/4826.html,2011年06月13日
491,“另类” 设计模式,https://coolshell.cn/articles/4844.html,2011年06月16日
492,一个空格引发的惨剧,https://coolshell.cn/articles/4875.html,2011年06月20日
493,排序算法 Sleep Sort,https://coolshell.cn/articles/4883.html,2011年06月23日
494,Bob大叔和Jim Coplien对TDD的论战,https://coolshell.cn/articles/4891.html,2011年06月27日
495,在函数外存取局部变量的一个比喻,https://coolshell.cn/articles/4907.html,2011年06月28日
496,新浪微博的XSS攻击,https://coolshell.cn/articles/4914.html,2011年06月28日
497,语言的数据亲和力,https://coolshell.cn/articles/4905.html,2011年06月29日
498,Quora使用到的技术,https://coolshell.cn/articles/4939.html,2011年07月04日
499,软件公司的两种管理方式,https://coolshell.cn/articles/4951.html,2011年07月06日
500,给程序员新手的一些建议,https://coolshell.cn/articles/4976.html,2011年07月12日
501,程序员技术练级攻略,https://coolshell.cn/articles/4990.html,2011年07月18日
502,为什么Scrum不行？,https://coolshell.cn/articles/5044.html,2011年07月21日
503,面向对象的Shell脚本,https://coolshell.cn/articles/5035.html,2011年07月21日
504,你确信你了解时间吗？,https://coolshell.cn/articles/5075.html,2011年08月01日
505,10个必需的iOS开发工具和资源,https://coolshell.cn/articles/5089.html,2011年08月02日
506,10大经典错误,https://coolshell.cn/articles/5107.html,2011年08月08日
507,疯狂的 Web 应用开源项目,https://coolshell.cn/articles/5132.html,2011年08月11日
508,在新浪微博上关于敏捷的一些讨论,https://coolshell.cn/articles/5143.html,2011年08月12日
509,PHP分页技术的代码和示例,https://coolshell.cn/articles/5160.html,2011年08月14日
510,CSS图形,https://coolshell.cn/articles/5164.html,2011年08月15日
511,对象的消息模型,https://coolshell.cn/articles/5202.html,2011年08月15日
512,重构代码的7个阶段,https://coolshell.cn/articles/5201.html,2011年08月16日
513,国内微博和Twitter的最大不同,https://coolshell.cn/articles/5247.html,2011年08月17日
514,C++11 中值得关注的几大变化（详解）,https://coolshell.cn/articles/5265.html,2011年08月19日
515,弱爆程序员的特征值,https://coolshell.cn/articles/5292.html,2011年08月23日
516,你会做Web上的用户登录功能吗？,https://coolshell.cn/articles/5353.html,2011年08月25日
517,C语言中史上最愚蠢的Bug,https://coolshell.cn/articles/5388.html,2011年08月26日
518,简明 Vim 练级攻略,https://coolshell.cn/articles/5426.html,2011年09月07日
519,千万不要把 bool 设计成函数参数,https://coolshell.cn/articles/5444.html,2011年09月08日
520,给程序员的VIM速查卡,https://coolshell.cn/articles/5479.html,2011年09月16日
521,一些文章和各种资源,https://coolshell.cn/articles/5224.html,2011年09月20日
522,如果你看不见你还能编程吗？,https://coolshell.cn/articles/5514.html,2011年09月21日
523,那些曾伴我走过编程之路的软件,https://coolshell.cn/articles/5576.html,2011年10月14日
524,“品质在于构建过程”吗？,https://coolshell.cn/articles/5625.html,2011年10月16日
525,Test-Driven Development？别逗了,https://coolshell.cn/articles/5531.html,2011年10月17日
526,"Stay Hungry, Stay Foolish ！！",https://coolshell.cn/articles/5651.html,2011年10月20日
527,多些时间能少写些代码,https://coolshell.cn/articles/5686.html,2011年10月25日
528,API设计：用流畅接口构造内部DSL,https://coolshell.cn/articles/5709.html,2011年10月31日
529,深入理解C语言,https://coolshell.cn/articles/5761.html,2011年11月01日
530,SteveY对Amazon和Google平台的吐槽,https://coolshell.cn/articles/5701.html,2011年11月03日
531,千万别用MongoDB？真的吗？！,https://coolshell.cn/articles/5826.html,2011年11月10日
532,来信， 创业 和 移动互联网,https://coolshell.cn/articles/5815.html,2011年11月15日
533,腾讯，竞争力 和 用户体验,https://coolshell.cn/articles/5901.html,2011年11月22日
534,一些文章资源和趣闻,https://coolshell.cn/articles/5537.html,2011年11月24日
535,腾讯帐号申诉的用户体验,https://coolshell.cn/articles/5966.html,2011年11月25日
536,如何设计“找回用户帐号”功能,https://coolshell.cn/articles/5987.html,2011年11月28日
537,一些有意思的算法代码,https://coolshell.cn/articles/6010.html,2011年11月29日
538,Web开发中需要了解的东西,https://coolshell.cn/articles/6043.html,2011年12月07日
539,三个事和三个问题,https://coolshell.cn/articles/6142.html,2011年12月20日
540,CSDN明文口令泄露的启示,https://coolshell.cn/articles/6193.html,2011年12月22日
541,由一个问题到 Resin ClassLoader 的学习,https://coolshell.cn/articles/6112.html,2011年12月28日
542,一个女程序员的故事,https://coolshell.cn/articles/6312.html,2011年12月30日
543,程序员因为女孩而美丽！,https://coolshell.cn/articles/6346.html,2012年01月04日
544,Resin服务器getResource揭秘,https://coolshell.cn/articles/6335.html,2012年01月05日
545,Hash Collision DoS 问题,https://coolshell.cn/articles/6424.html,2012年01月06日
546,Javascript 面向对象编程,https://coolshell.cn/articles/6441.html,2012年01月09日
547,由12306.cn谈谈网站性能技术,https://coolshell.cn/articles/6470.html,2012年01月16日
548,软件开发的“三重门”,https://coolshell.cn/articles/6526.html,2012年01月30日
549,Why C++ ? 王者归来,https://coolshell.cn/articles/6548.html,2012年02月02日
550,千万别惹程序员,https://coolshell.cn/articles/6639.html,2012年02月21日
551,再谈javascript面向对象编程,https://coolshell.cn/articles/6668.html,2012年02月27日
552,理解Javascript的闭包,https://coolshell.cn/articles/6731.html,2012年03月07日
553,Bret Victor – Inventing on Principle,https://coolshell.cn/articles/6775.html,2012年03月09日
554,多版本并发控制(MVCC)在分布式系统中的应用,https://coolshell.cn/articles/6790.html,2012年03月13日
555,CSS 布局:40个教程、技巧、例子和最佳实践,https://coolshell.cn/articles/6840.html,2012年03月19日
556,神奇的CSS形状,https://coolshell.cn/articles/6913.html,2012年03月24日
557,需求变化与IoC,https://coolshell.cn/articles/6950.html,2012年03月26日
558,谈谈数据安全和云存储,https://coolshell.cn/articles/6976.html,2012年04月09日
559,我们需要专职的QA吗？,https://coolshell.cn/articles/6994.html,2012年04月11日
560,挑战无处不在,https://coolshell.cn/articles/7048.html,2012年04月17日
561,这到底是谁之错？,https://coolshell.cn/articles/7126.html,2012年04月19日
562,游戏：VIM大冒险,https://coolshell.cn/articles/7166.html,2012年04月26日
563,做个环保主义的程序员,https://coolshell.cn/articles/7186.html,2012年04月27日
564,用Unix的设计思想来应对多变的需求,https://coolshell.cn/articles/7236.html,2012年05月03日
565,NoSQL 数据建模技术,https://coolshell.cn/articles/7270.html,2012年05月15日
566,rsync 的核心算法,https://coolshell.cn/articles/7425.html,2012年05月17日
567,扎克伯格的一封信：关于Facebook IPO,https://coolshell.cn/articles/7448.html,2012年05月19日
568,Huffman 编码压缩算法,https://coolshell.cn/articles/7459.html,2012年05月22日
569,Javascript 中的 var,https://coolshell.cn/articles/7480.html,2012年05月24日
570,Lisp的永恒之道,https://coolshell.cn/articles/7526.html,2012年06月04日
571,抄袭，腾讯 和 产品,https://coolshell.cn/articles/7617.html,2012年06月13日
572,性能调优攻略,https://coolshell.cn/articles/7490.html,2012年06月20日
573,Git显示漂亮日志的小技巧,https://coolshell.cn/articles/7755.html,2012年06月24日
574,持续部署，并不简单！,https://coolshell.cn/articles/7657.html,2012年06月25日
575,K-Means 算法,https://coolshell.cn/articles/7779.html,2012年06月29日
576,关于闰秒,https://coolshell.cn/articles/7804.html,2012年06月30日
577,少即是极多,https://coolshell.cn/articles/7771.html,2012年07月05日
578,28个Unix/Linux的命令行神器,https://coolshell.cn/articles/7829.html,2012年07月11日
579,代码执行的效率,https://coolshell.cn/articles/7886.html,2012年07月13日
580,各式各样的验证码,https://coolshell.cn/articles/7917.html,2012年07月19日
581,一个fork的面试题,https://coolshell.cn/articles/7965.html,2012年08月01日
582,C++的坑真的多吗？,https://coolshell.cn/articles/7992.html,2012年08月06日
583,InfoQ的ArchSummit大会对我的采访,https://coolshell.cn/articles/8031.html,2012年08月12日
584,对技术的态度,https://coolshell.cn/articles/8088.html,2012年08月16日
585,K Nearest Neighbor 算法,https://coolshell.cn/articles/8052.html,2012年08月17日
586,GCC 用 C++ 来编译,https://coolshell.cn/articles/8115.html,2012年08月20日
587,为什么我反对纯算法面试题,https://coolshell.cn/articles/8138.html,2012年08月22日
588,一次Ajax查错的经历,https://coolshell.cn/articles/8170.html,2012年08月27日
589,“单元测试要做多细？”,https://coolshell.cn/articles/8209.html,2012年09月03日
590,无锁队列的实现,https://coolshell.cn/articles/8239.html,2012年09月07日
591,对九个超级程序员的采访,https://coolshell.cn/articles/8275.html,2012年09月14日
592,C/C++语言中闭包的探究及比较,https://coolshell.cn/articles/8309.html,2012年09月20日
593,Bret Victor – Learnable Programming,https://coolshell.cn/articles/8387.html,2012年10月14日
594,xkcd 神图“Click and Drag”,https://coolshell.cn/articles/8398.html,2012年10月16日
595,TF-IDF模型的概率解释,https://coolshell.cn/articles/8422.html,2012年10月24日
596,Go 语言简介（上）— 语法,https://coolshell.cn/articles/8460.html,2012年11月06日
597,Go 语言简介（下）— 特性,https://coolshell.cn/articles/8489.html,2012年11月07日
598,如何测试洗牌程序,https://coolshell.cn/articles/8593.html,2012年11月20日
599,你可能不知道的Shell,https://coolshell.cn/articles/8619.html,2012年11月23日
600,程序员疫苗：代码注入,https://coolshell.cn/articles/8711.html,2012年12月10日
601,如此理解面向对象编程,https://coolshell.cn/articles/8745.html,2012年12月13日
602,Web工程师的工具箱,https://coolshell.cn/articles/8767.html,2012年12月19日
603,程序算法与人生选择,https://coolshell.cn/articles/8790.html,2012年12月28日
604,应该知道的Linux技巧,https://coolshell.cn/articles/8883.html,2013年01月09日
605,从面向对象的设计模式看软件设计,https://coolshell.cn/articles/8961.html,2013年02月01日
606,Linus：利用二级指针删除单向链表,https://coolshell.cn/articles/8990.html,2013年02月04日
607,AWK 简明教程,https://coolshell.cn/articles/9070.html,2013年02月17日
608,sed 简明教程,https://coolshell.cn/articles/9104.html,2013年02月20日
609,并发框架Disruptor译文,https://coolshell.cn/articles/9169.html,2013年02月28日
610,实例分析Java Class的文件结构,https://coolshell.cn/articles/9229.html,2013年03月05日
611,《Rework》摘录及感想,https://coolshell.cn/articles/9156.html,2013年03月11日
612,“作环保的程序员，从不用百度开始”,https://coolshell.cn/articles/9308.html,2013年03月23日
613,PFIF网上寻人协议,https://coolshell.cn/articles/9508.html,2013年04月22日
614,Unix考古记：一个“遗失”的shell,https://coolshell.cn/articles/9410.html,2013年04月26日
615,“C++的数组不支持多态”？,https://coolshell.cn/articles/9543.html,2013年04月29日
616,疫苗：Java HashMap的死循环,https://coolshell.cn/articles/9606.html,2013年05月10日
617,浏览器的渲染原理简介,https://coolshell.cn/articles/9666.html,2013年05月22日
618,无锁HashMap的原理与实现,https://coolshell.cn/articles/9703.html,2013年05月30日
619,Javascript 装载和执行,https://coolshell.cn/articles/9749.html,2013年06月05日
620,Alan Cox：单向链表中prev指针的妙用,https://coolshell.cn/articles/9859.html,2013年06月30日
621,IoC/DIP其实是一种管理思想,https://coolshell.cn/articles/9949.html,2013年07月05日
622,Alan Cox：大教堂、市集与市议会,https://coolshell.cn/articles/9917.html,2013年07月08日
623,二叉树迭代器算法,https://coolshell.cn/articles/9886.html,2013年07月14日
624,C语言全局变量那些事儿,https://coolshell.cn/articles/10115.html,2013年07月21日
625,类型的本质和函数式实现,https://coolshell.cn/articles/10169.html,2013年07月22日
626,加班与效率,https://coolshell.cn/articles/10217.html,2013年07月24日
627,7个示例科普CPU Cache,https://coolshell.cn/articles/10249.html,2013年07月30日
628,数据的游戏：冰与火,https://coolshell.cn/articles/10192.html,2013年07月31日
629,数据即代码：元驱动编程,https://coolshell.cn/articles/10337.html,2013年08月09日
630,C++模板”>>”编译问题与词法消歧设计,https://coolshell.cn/articles/10449.html,2013年10月02日
631,C++面试中string类的一种正确写法,https://coolshell.cn/articles/10478.html,2013年10月09日
632,C++11的Lambda使用一例：华容道求解,https://coolshell.cn/articles/10476.html,2013年10月09日
633,伙伴分配器的一个极简实现,https://coolshell.cn/articles/10427.html,2013年10月09日
634,二维码的生成细节和原理,https://coolshell.cn/articles/10590.html,2013年10月29日
635,程序的本质复杂性和元语言抽象,https://coolshell.cn/articles/10652.html,2013年10月31日
636,编程能力与编程年龄,https://coolshell.cn/articles/10688.html,2013年11月13日
637,Lua简明教程,https://coolshell.cn/articles/10739.html,2013年12月03日
638,X-Y Problem,https://coolshell.cn/articles/10804.html,2013年12月16日
639,函数式编程,https://coolshell.cn/articles/10822.html,2013年12月27日
640,分布式系统的事务处理,https://coolshell.cn/articles/10910.html,2014年01月20日
641,一个“蝇量级” C 语言协程库,https://coolshell.cn/articles/10975.html,2014年01月28日
642,从“黑掉Github”学Web安全开发,https://coolshell.cn/articles/11021.html,2014年02月10日
643,可视化编程,https://coolshell.cn/articles/11094.html,2014年02月22日
644,由苹果的低级Bug想到的,https://coolshell.cn/articles/11112.html,2014年02月24日
645,如何用最有创造力的方式输出42,https://coolshell.cn/articles/11170.html,2014年03月06日
646,Java中的CopyOnWrite容器,https://coolshell.cn/articles/11175.html,2014年03月07日
647,一个浮点数跨平台产生的问题,https://coolshell.cn/articles/11235.html,2014年03月15日
648,Python修饰器的函数式编程,https://coolshell.cn/articles/11265.html,2014年03月20日
649,无插件Vim编程技巧,https://coolshell.cn/articles/11312.html,2014年03月24日
650,C语言结构体里的成员数组和指针,https://coolshell.cn/articles/11377.html,2014年04月01日
651,从Code Review 谈如何做技术,https://coolshell.cn/articles/11432.html,2014年04月12日
652,从LongAdder看更高效的无锁实现,https://coolshell.cn/articles/11454.html,2014年04月17日
653,C语言的整型溢出问题,https://coolshell.cn/articles/11466.html,2014年04月21日
654,面向GC的Java编程,https://coolshell.cn/articles/11541.html,2014年05月07日
655,「我只是认真」聊聊工匠情怀,https://coolshell.cn/articles/11629.html,2014年05月26日
656,TCP 的那些事儿（上）,https://coolshell.cn/articles/11564.html,2014年05月28日
657,TCP 的那些事儿（下）,https://coolshell.cn/articles/11609.html,2014年05月28日
658,开发团队的效率,https://coolshell.cn/articles/11656.html,2014年06月09日
659,【活动】解迷题送礼物,https://coolshell.cn/articles/11832.html,2014年08月03日
660,谜题的答案和活动的心得体会,https://coolshell.cn/articles/11847.html,2014年08月06日
661,互联网之子 – Aaron Swartz,https://coolshell.cn/articles/11928.html,2014年09月08日
662,bash代码注入的安全漏洞,https://coolshell.cn/articles/11973.html,2014年09月28日
663,State Threads 回调终结者,https://coolshell.cn/articles/12012.html,2014年10月12日
664,Leetcode 编程训练,https://coolshell.cn/articles/12052.html,2014年10月23日
665,vfork 挂掉的一个问题,https://coolshell.cn/articles/12103.html,2014年11月21日
666,Google Inbox如何跨平台重用代码？,https://coolshell.cn/articles/12136.html,2014年11月26日
667,HTML6 展望,https://coolshell.cn/articles/12206.html,2014年12月06日
668,DHH 谈混合移动应用开发,https://coolshell.cn/articles/12225.html,2014年12月15日
669,Linus：为何对象引用计数必须是原子的,https://coolshell.cn/articles/16910.html,2014年12月31日
670,关于移动端的钓鱼式攻击,https://coolshell.cn/articles/17066.html,2015年04月14日
671,Docker基础技术：Linux Namespace（下）,https://coolshell.cn/articles/17029.html,2015年04月16日
672,Docker基础技术：Linux Namespace（上）,https://coolshell.cn/articles/17010.html,2015年04月16日
673,Docker基础技术：Linux CGroup,https://coolshell.cn/articles/17049.html,2015年04月17日
674,Docker基础技术：AUFS,https://coolshell.cn/articles/17061.html,2015年08月24日
675,Docker基础技术：DeviceMapper,https://coolshell.cn/articles/17200.html,2015年08月26日
676,Cuckoo Filter：设计与实现,https://coolshell.cn/articles/17225.html,2015年09月02日
677,让我们来谈谈分工,https://coolshell.cn/articles/17295.html,2015年12月13日
678,性能测试应该怎么做？,https://coolshell.cn/articles/17381.html,2016年07月06日
679,为什么我不在微信公众号上写文章,https://coolshell.cn/articles/17391.html,2016年07月11日
680,缓存更新的套路,https://coolshell.cn/articles/17416.html,2016年07月27日
681,这多年来我一直在钻研的技术,https://coolshell.cn/articles/17446.html,2016年08月18日
682,关于高可用的系统,https://coolshell.cn/articles/17459.html,2016年08月21日
683,什么是工程师文化？,https://coolshell.cn/articles/17497.html,2016年09月18日
684,如何读懂并写出装逼的函数式代码,https://coolshell.cn/articles/17524.html,2016年10月23日
685,技术人员的发展之路,https://coolshell.cn/articles/17583.html,2016年12月28日
686,从 MongoDB “赎金事件” 看安全问题,https://coolshell.cn/articles/17607.html,2017年01月07日
687,Chrome开发者工具的小技巧,https://coolshell.cn/articles/17634.html,2017年01月19日
688,从Gitlab误删除数据库想到的,https://coolshell.cn/articles/17680.html,2017年02月02日
689,AWS 的 S3 故障回顾和思考,https://coolshell.cn/articles/17737.html,2017年03月03日
690,如何重构“箭头型”代码,https://coolshell.cn/articles/17757.html,2017年04月05日
691,Go编程模式：修饰器,https://coolshell.cn/articles/17929.html,2017年06月01日
692,我看绩效考核,https://coolshell.cn/articles/17972.html,2017年07月09日
693,Linux PID 1 和 Systemd,https://coolshell.cn/articles/17998.html,2017年07月16日
694,API设计原则 – Qt官网的设计实践总结,https://coolshell.cn/articles/18024.html,2017年07月25日
695,如何免费的让网站启用HTTPS,https://coolshell.cn/articles/18094.html,2017年08月26日
696,关于Facebook 的 React 专利许可证,https://coolshell.cn/articles/18140.html,2017年09月19日
697,Go语言、Docker 和新技术,https://coolshell.cn/articles/18190.html,2017年10月30日
698,关于我”极客时间“的专栏,https://coolshell.cn/articles/18246.html,2018年01月02日
699,程序员练级攻略（2018) 与我的专栏,https://coolshell.cn/articles/18360.html,2018年05月29日
700,记一次Kubernetes/Docker网络排障,https://coolshell.cn/articles/18654.html,2018年12月08日
701,谈谈我的“三观”,https://coolshell.cn/articles/19085.html,2019年02月26日
702,打造高效的工作环境 – Shell 篇,https://coolshell.cn/articles/19219.html,2019年03月17日
703,“努力就会成功”,https://coolshell.cn/articles/19271.html,2019年04月17日
704,StackOverflow 2019 程序员调查,https://coolshell.cn/articles/19307.html,2019年04月21日
705,HTTP API 认证授权术,https://coolshell.cn/articles/19395.html,2019年05月09日
706,如何超过大多数人,https://coolshell.cn/articles/19464.html,2019年06月22日
707,50年前的登月程序和程序员有多硬核,https://coolshell.cn/articles/19612.html,2019年07月21日
708,HTTP的前世今生,https://coolshell.cn/articles/19840.html,2019年10月01日
709,Unix 50 年：Ken Thompson 的密码,https://coolshell.cn/articles/19996.html,2019年11月03日
710,别让自己“墙”了自己,https://coolshell.cn/articles/20276.html,2019年12月01日
711,使用简单的逻辑方法进行独立思考,https://coolshell.cn/articles/20533.html,2019年12月26日
712,MegaEase的远程工作文化,https://coolshell.cn/articles/20765.html,2020年01月31日
713,与程序员相关的CPU缓存知识,https://coolshell.cn/articles/20793.html,2020年03月01日
714,Rust语言的编程范式,https://coolshell.cn/articles/20845.html,2020年04月04日
715,计时攻击 Timing Attacks,https://coolshell.cn/articles/21003.html,2020年07月05日
716,程序员如何把控自己的职业,https://coolshell.cn/articles/20977.html,2020年08月07日
717,百度为什么掉队了,https://coolshell.cn/articles/21113.html,2020年12月16日
718,Go编程模式：切片，接口，时间和性能,https://coolshell.cn/articles/21128.html,2020年12月18日
719,Go 编程模式：错误处理,https://coolshell.cn/articles/21140.html,2020年12月22日
720,Go 编程模式：Functional Options,https://coolshell.cn/articles/21146.html,2020年12月22日
721,Go编程模式：Map-Reduce,https://coolshell.cn/articles/21164.html,2020年12月24日
722,Go 编程模式：Go Generation,https://coolshell.cn/articles/21179.html,2020年12月25日
723,Go编程模式：委托和反转控制,https://coolshell.cn/articles/21214.html,2020年12月26日
724,Go编程模式：Pipeline,https://coolshell.cn/articles/21228.html,2020年12月26日
725,Go 编程模式：k8s Visitor 模式,https://coolshell.cn/articles/21263.html,2020年12月26日
726,如何做一个有质量的技术分享,https://coolshell.cn/articles/21589.html,2021年07月13日
727,Go编程模式 ： 泛型编程,https://coolshell.cn/articles/21615.html,2021年09月04日
728,源代码特洛伊木马攻击,https://coolshell.cn/articles/21649.html,2021年11月19日
729,我做系统架构的一些原则,https://coolshell.cn/articles/21672.html,2021年12月21日
730,网络数字身份认证术,https://coolshell.cn/articles/21708.html,2022年01月02日
731,谈谈公司对员工的监控,https://coolshell.cn/articles/22157.html,2022年02月12日
732,“一把梭：REST API 全用 POST”,https://coolshell.cn/articles/22173.html,2022年02月13日
733,ETCD的内存问题,https://coolshell.cn/articles/22242.html,2022年05月05日
734,从一次经历谈 TIME_WAIT 的那些事,https://coolshell.cn/articles/22263.html,2022年07月19日
735,聊聊团队协同和协同工具,https://coolshell.cn/articles/22298.html,2022年10月14日
736,eBPF 介绍,https://coolshell.cn/articles/22320.html,2022年12月10日
737,感染新冠的经历,https://coolshell.cn/articles/22341.html,2022年12月13日
738,聊聊 nostr 和 审查,https://coolshell.cn/articles/22367.html,2023年02月03日
739,我看ChatGPT: 为啥谷歌掉了千亿美金,https://coolshell.cn/articles/22398.html,2023年02月12日
740,是微服务架构不香还是云不香？,https://coolshell.cn/articles/22422.html,2023年05月08日
